<?xml version="1.0" encoding="UTF-8"?>
<addon id="pvr.waipu" version="0.2.3.1" name="waipu.tv PVR Client" provider-name="flubshi">
  <requires>
    <import addon="kodi.binary.global.main" version="1.0.14"/>
    <import addon="kodi.binary.instance.pvr" version="5.10.3"/>
    <import addon="script.module.inputstreamhelper" version="0.4.1"/>
    <import addon="inputstream.adaptive" minversion="2.3.21"/>
  </requires>
  <extension point="xbmc.pvrclient" library_linux="pvr.waipu.so.0.2.3"/>
  <extension point="xbmc.addon.metadata">
    <summary lang="de_DE">waipu.tv PVR Client</summary>
    <summary lang="en_US">waipu.tv PVR Client</summary>
    <description lang="de_DE">waipu.tv PVR Client. Hinweis: Dies ist kein offizielles Waipu-Plugin und steht nicht in Verbindung zur Exaring AG oder zu waipu.tv. Es wurde von Freiwilligen entwickelt.</description>
    <description lang="en_US">waipu.tv PVR Client. Note: This is not an official waipu plugin and not related to Exaring AG or waipu.tv. It was developed by volunteers.</description>
    <platform/>
    <license>GNU General Public License. Version 2, June 1991</license>
    <forum/>
    <website>https://www.waipu.tv/</website>
    <email/>
    <source>https://github.com/flubshi/pvr.waipu</source>
    <assets>
      <icon>icon.png</icon>
      <fanart>fanart.jpg</fanart>
      <screenshot>resources/screenshots/screenshot-01.jpg</screenshot>
      <screenshot>resources/screenshots/screenshot-02.jpg</screenshot>
    </assets>
    <news>
- 0.2.3 Fix crash if no preview image for recording available
- 0.2.2 Add inputstream.adaptive as dependency
- 0.2.1 Fix channel order: calculate unique channel id
- 0.2.0 Fix timers not displayed; Add option to install widevine
- 0.1.9 Update build sytem version; change header include way
- 0.1.8 Drop HLS support
- 0.1.7 Add workaround for O2 Accounts
- 0.1.6 Settings check requirements: handle network issue
- 0.1.5 Improved error handling related to login problems (no network, invalid credentials)
- 0.1.4 Internal: run channel icon selection only once per tv channel
- 0.1.3 Settings: Add check to verify requirements (widevine and network status)
- 0.1.2 Do not show hidden channels
- 0.1.1 limit displayed channels; show build version; apply channelorder
- 0.1.0 adjust dst workaround; fix stoi
- 0.0.9 Improve handling of recordings, update user-agent, readme and description  
- 0.0.8 Check for JSON parse errors
- 0.0.7 Prepare for kodi binary repo
- 0.0.6 Add timers, fixes
- 0.0.5 Implement timers (list and delete)
- 0.0.4 Implement deletion of recordings
- 0.0.3 Implement recordings
- 0.0.2 First release: EPG and Live TV
- 0.0.1 Initial alpha version
  </news>
  </extension>
</addon>
