<?xml version="1.0" encoding="UTF-8" standalone="yes"?>
<addon id="script.config.vdr" name="VDR Configuration" version="9.2.0.103" provider-name="Leverex">
  <requires>
    <import addon="os.libreelec.tv" version="9.2"/>
    <import addon="xbmc.python" version="2.1.0"/>
  </requires>
  <extension library="default.py" point="xbmc.python.pluginsource">
    <provides>executable</provides>
  </extension>
  <extension point="xbmc.addon.metadata">
    <summary lang="de_DE">VDR-Sendersuchlauf und DiSEqC-Konfiguration</summary>
    <summary lang="en_GB">VDR channel scan and Diseqc Configuration</summary>
    <summary lang="en_US">VDR channel scan and DiSEqC Configuration</summary>
    <summary lang="lt_LT">VDR kanalų paieška ir Diseqc konfigūravimas</summary>
    <summary lang="nl_NL">VDR kanaal scan en Diseqc configuratie</summary>
    <summary lang="pl_PL">Skanowanie kanałów i konfiguracja Diseqc</summary>
    <summary lang="pt_BR">Escanear canais VDR e Configuração Diseqc</summary>
    <description lang="de_DE">VDR-Sendersuchlauf und DiSEqC-Konfiguration</description>
    <description lang="en_GB">VDR channel scan and Diseqc Configuration</description>
    <description lang="en_US">VDR channel scan and DiSEqC Configuration</description>
    <description lang="lt_LT">VDR kanalų paieška ir Diseqc konfigūravimas</description>
    <description lang="nl_NL">VDR kanaal scan en Diseqc configuratie</description>
    <description lang="pl_PL">Skanowanie kanałów i konfiguracja Diseqc</description>
    <description lang="pt_BR">Escanear canais VDR e Configuração Diseqc</description>
    <language/>
    <platform>all</platform>
    <news>
103
- scan: "HD Channels" option does not exist any more
- fix for Leia skinning engine changes

102
- fix maintainer name

101
- fix scripts

100
- fix addon icons

1.1.3
- fix indexing of lines read from sources.conf

1.1.2
- fixed missing version bumps from 1.1.1

1.1.1
- change the addon icon

1.1.0
- initial LibreELEC version
    </news>
    <assets><icon>resources/icon.png</icon><fanart>resources/fanart.png</fanart>

    </assets>
  </extension>
</addon>
